{
  "4x4_1obj": [
    1.0,
    102.52533333333332,
    7.066666666666666
  ],
  "4x4_2obj": [
    0.13333333333333333,
    -95.71866666666686,
    143.8
  ],
  "5x5_1obj": [
    1.0,
    101.694,
    6.866666666666666
  ],
  "5x5_2obj": [
    0.0,
    -15.595333333333334,
    200.0
  ]
}