{
  "4x4_1obj": [
    1.0,
    102.3615,
    6.2
  ],
  "4x4_2obj": [
    0.75,
    47.26899999999994,
    51.6
  ],
  "5x5_1obj": [
    0.85,
    63.535999999999945,
    29.75
  ],
  "5x5_2obj": [
    0.95,
    85.68399999999998,
    25.35
  ]
}