{
  "4x4_1obj": [
    1.0,
    102.34400000000001,
    6.55
  ],
  "4x4_2obj": [
    0.85,
    67.73850000000002,
    36.25
  ],
  "5x5_1obj": [
    0.55,
    50.978,
    71.95
  ],
  "5x5_2obj": [
    0.0,
    -55.32950000000005,
    200.0
  ]
}